{"name":"crowdflower_economic-news-article-tone","title":"Economic News Article Tone","description":"Economic News Article Tone and Relevance\n\nContributors read snippets of news articles. They then noted if the article was relevant to the US economy and, if so, what the tone of the article was. Tone was judged on a 9 point scale (from 1 to 9, with 1 representing the most negativity). Dataset contains these judgments as well as the dates, source titles, and text. Dates range from 1951 to 2014.   Added: December 8, 2015 by CrowdFlower | Data Rows: 8000 Download Now\n\nSource: https://www.crowdflower.com/data-for-everyone/","homepage":"https://data.world/crowdflower/economic-news-article-tone","license":"Public Domain","resources":[{"name":"full_economic_news_dfe_839861","schema":{"fields":[{"name":"unit_id","title":"_unit_id","type":"integer","rdfType":"http://www.w3.org/2001/XMLSchema#integer","dwSourceId":"unit_id"},{"name":"golden","title":"_golden","type":"boolean","rdfType":"http://www.w3.org/2001/XMLSchema#boolean","dwSourceId":"golden"},{"name":"unit_state","title":"_unit_state","type":"string","rdfType":"http://www.w3.org/2001/XMLSchema#string","dwSourceId":"unit_state"},{"name":"trusted_judgments","title":"_trusted_judgments","type":"integer","rdfType":"http://www.w3.org/2001/XMLSchema#integer","dwSourceId":"trusted_judgments"},{"name":"last_judgment_at","title":"_last_judgment_at","type":"datetime","rdfType":"http://www.w3.org/2001/XMLSchema#dateTime","dwSourceId":"last_judgment_at"},{"name":"positivity","title":"positivity","type":"integer","rdfType":"http://www.w3.org/2001/XMLSchema#integer","dwSourceId":"positivity"},{"name":"positivity_confidence","title":"positivity:confidence","type":"number","rdfType":"http://www.w3.org/2001/XMLSchema#decimal","dwSourceId":"positivity_confidence"},{"name":"relevance","title":"relevance","type":"string","rdfType":"http://www.w3.org/2001/XMLSchema#string","dwSourceId":"relevance"},{"name":"relevance_confidence","title":"relevance:confidence","type":"number","rdfType":"http://www.w3.org/2001/XMLSchema#decimal","dwSourceId":"relevance_confidence"},{"name":"articleid","title":"articleid","type":"string","rdfType":"http://www.w3.org/2001/XMLSchema#string","dwSourceId":"articleid"},{"name":"date","title":"date","type":"string","rdfType":"http://www.w3.org/2001/XMLSchema#string","dwSourceId":"date"},{"name":"headline","title":"headline","type":"string","rdfType":"http://www.w3.org/2001/XMLSchema#string","dwSourceId":"headline"},{"name":"positivity_gold","title":"positivity_gold","type":"string","rdfType":"http://www.w3.org/2001/XMLSchema#string","dwSourceId":"positivity_gold"},{"name":"relevance_gold","title":"relevance_gold","type":"string","rdfType":"http://www.w3.org/2001/XMLSchema#string","dwSourceId":"relevance_gold"},{"name":"text","title":"text","type":"string","rdfType":"http://www.w3.org/2001/XMLSchema#string","dwSourceId":"text"}]},"path":"data/full_economic_news_dfe_839861.csv","format":"csv"},{"name":"original/Full-Economic-News-DFE-839861.csv","path":"original/Full-Economic-News-DFE-839861.csv","format":"csv","mediatype":"text/csv","bytes":12383529}],"keywords":["crowdsourced","economics","news","journalism","news articles"]}